,precision,recall,f1-score,support
0,0.6702276707530648,0.709711318538666,0.6894046296574293,16177.0
1,0.8397543081385429,0.813305572080111,0.8263183519970452,30258.0
accuracy,0.7772154624744266,0.7772154624744266,0.7772154624744266,0.7772154624744266
macro avg,0.7549909894458038,0.7615084453093885,0.7578614908272372,46435.0
weighted avg,0.7806947105723776,0.7772154624744266,0.7786204240054878,46435.0
